;IPI_nace4 * RF1011 (frozen);IPI_nace4 * RF1051 (frozen);IPI_nace4 * RF1081 (frozen);IPI_nace4 * RF1086 (frozen);IPI_nace4 * RF1200 (frozen);IPI_nace4 * RF1391 (frozen);RF1039 (frozen);RF1041 (frozen);RF1042 (frozen);RF1051 (frozen);RF1052 (frozen)
1990-01-01;111,206712;85,208724;184,66761;46,42588;837,444114;850,424783;47,057409;47,470102;602,493255;85,687377;54,712664
1990-02-01;94,587681;78,225348;277,860449;43,185761;786,200359;432,494004;40,512867;47,3016;452,669138;78,66587;59,421029
1990-03-01;108,334131;90,510094;285,187382;51,264734;871,914491;559,654241;39,859427;51,481203;489,432531;91,018769;90,251669
1990-04-01;108,105499;89,867624;253,266484;57,334131;763,73306;677,923256;33,158281;42,360774;419,706405;90,368994;115,145836
1990-05-01;110,349641;93,957025;242,164195;58,657012;704,949064;686,850862;41,619661;42,355283;416,935831;94,481067;122,264492
1990-06-01;105,19145;86,40214;258,32676;58,590912;731,417081;601,872614;116,689121;29,070044;500,69243;86,882028;129,69543
1990-07-01;110,516772;83,777464;191,012806;51,435428;665,09269;448,162101;158,929263;21,852468;506,872943;84,245164;109,066474
1990-08-01;114,674447;75,405457;72,215419;39,280843;295,306027;128,843517;209,739432;42,129894;436,578494;75,833525;61,731744
1990-09-01;105,089345;70,340042;219,223309;51,804569;763,117517;713,400837;226,171655;47,386554;464,3908;70,741601;54,507477
1990-10-01;121,784953;83,440618;300,779672;50,315288;880,070428;731,489531;131,690858;52,404347;588,1431;83,914326;45,727357
1990-11-01;115,295984;80,978786;271,984458;50,215077;778,659964;574,381917;85,40863;45,976949;528,327106;81,435247;44,162465
1990-12-01;107,938516;79,04567;225,445788;30,78053;540,75327;365,456746;52,303502;45,156396;458,81413;79,488042;37,033822
1991-01-01;120,68655;87,770986;311,499372;46,535905;819,593383;838,221577;48,73924;49,666771;505,061413;88,266719;56,580664
1991-02-01;101,149124;77,701465;324,384675;56,377883;714,797589;399,062741;42,298343;43,845853;466,30889;78,142146;59,191495
1991-03-01;113,284206;85,84053;308,93675;60,977578;732,340395;541,060729;41,835491;47,647167;492,025505;86,326651;85,674819
1991-04-01;114,492417;89,695852;271,796773;65,770416;719,875814;634,832652;34,772955;51,243306;510,069759;90,199501;116,384353
1991-05-01;113,209681;93,469938;202,28113;57,766327;515,362144;574,217084;43,305435;42,106342;383,511365;93,994487;121,634523
1991-06-01;105,397101;85,470894;279,968296;56,804032;703,717979;492,865968;125,116663;39,600258;464,746002;85,946637;129,610991
1991-07-01;119,962274;83,835333;195,63997;53,879514;606,616158;416,063872;166,419428;24,000664;443,043168;84,306139;111,369631
1991-08-01;114,452595;76,30224;101,537588;36,107006;211,90018;119,558618;213,309131;47,137727;397,506289;76,735736;62,471297
1991-09-01;115,739968;73,447551;252,205342;49,101134;720,645242;657,873964;233,548014;53,38291;506,801902;73,868111;57,356503
1991-10-01;125,536592;84,515592;315,144792;49,540076;809,898743;685,553529;133,013637;54,036318;603,843022;84,997842;46,573222
1991-11-01;107,45537;80,790095;273,319909;44,633958;702,64078;549,034359;85,955203;50,746172;532,021205;81,248071;44,232203
1991-12-01;115,588623;81,254705;216,155382;30,340008;551,217492;374,779214;53,591076;46,86017;513,692789;81,712031;38,117076
1992-01-01;121,898097;87,217895;278,156414;42,27581;769,426827;765,698151;49,555463;55,776437;528,007424;87,710634;56,400008
1992-02-01;101,664459;81,941983;276,048567;42,799497;743,881816;430,950336;42,933771;54,466241;471,388276;82,405966;62,426699
1992-03-01;120,037109;87,926541;304,699401;51,997793;818,362298;517,629193;42,124562;58,049878;416,012306;88,425697;88,528802
1992-04-01;122,160631;90,019019;273,767466;52,802138;758,80872;684,099836;34,906308;55,376123;546,868643;90,526923;117,474223
1992-05-01;105,100331;86,892341;192,954631;59,786114;630,776199;511,623791;43,830234;51,813228;381,451194;87,379619;114,175935
1992-06-01;117,560923;84,760897;257,561582;62,121725;785,430931;447,660215;127,697935;47,99248;444,570536;85,237345;131,210832
1992-07-01;116,320547;81,019847;195,603876;50,245072;624,159118;340,041843;172,064813;21,350799;384,967692;81,478038;108,906258
1992-08-01;111,106201;72,853899;49,281751;39,114846;206,514183;97,67812;223,694659;36,737324;447,767352;73,269895;60,163988
1992-09-01;119,111844;77,51317;270,078734;43,871355;797,126237;586,775958;243,523427;44,726892;525,27237;77,957035;60,279162
1992-10-01;113,518817;82,225827;283,620934;48,024687;815,900128;510,213852;138,962832;50,395703;590,309831;82,69405;45,071044
1992-11-01;112,37531;80,076131;266,888089;39,827256;744,497358;519,380262;89,364374;48,750828;523,567401;80,530306;43,983573
1992-12-01;120,241265;83,030851;232,325164;41,904049;611,848269;373,756989;54,803971;44,150485;483,642741;83,499057;39,25277
1993-01-01;106,934447;83,929138;263,632477;43,584196;720,337471;705,377791;48,554937;47,84351;567,718993;84,403838;54,39714
1993-02-01;101,894002;80,211746;288,717303;32,715122;670,478687;363,072351;41,548704;48,95561;469,043944;80,668165;61,618677
1993-03-01;121,31379;93,20925;312,307861;41,182383;719,106386;511,652765;40,482953;46,239907;469,079464;93,739367;93,916629
1993-04-01;108,264768;91,693703;259,922082;41,906443;644,318133;562,172003;33,61969;40,766119;468,29802;92,2106;119,304097
1993-05-01;102,517849;89,309898;204,475601;38,055559;550,90972;512,139612;42,089996;37,126235;375,483802;89,811751;116,83402
1993-06-01;117,710349;86,973304;264,101689;56,403668;710,488792;461,583789;120,404551;26,212307;462,153028;87,463938;135,583176
1993-07-01;106,850253;82,005465;150,212979;44,864809;518,593742;428,279407;160,661651;16,155673;356,267382;82,468718;109,432461
1993-08-01;113,427968;77,122694;87,078626;37,388633;284,380149;59,567742;206,910088;37,340059;428,053649;77,563426;63,582778
1993-09-01;114,469921;78,764141;258,413383;39,864223;756,192665;667,737332;227,115102;49,56127;447,163509;79,215671;61,235482
1993-10-01;108,616043;82,30822;261,36582;39,234636;718,644729;600,319006;130,621726;49,829112;514,651834;82,776821;45,019407
1993-11-01;112,55542;84,253675;248,350581;37,259397;616,00318;525,122262;84,96276;44,318265;483,5717;84,73217;46,386625
1993-12-01;111,457985;86,105567;184,992449;42,601439;580,917415;386,186973;52,840022;41,718144;453,450582;86,593231;40,913244
1994-01-01;107,564096;85,923405;225,748971;41,592771;744,497358;592,926334;49,086112;46,950033;435,654969;86,408013;55,615385
1994-02-01;98,007142;81,07224;216,018227;31,217985;663,70772;436,637319;41,806619;39,13809;436,152252;81,534642;62,212405
1994-03-01;117,724325;93,345707;262,499148;37,614166;711,719877;583,085777;40,146223;43,970782;486,022593;93,877842;93,968827
1994-04-01;102,4705;90,005865;211,549881;34,231717;650,935214;560,90748;33,274301;43,683513;486,804037;90,51487;117,35301
1994-05-01;107,103433;92,59742;175,001834;43,040801;636,162195;482,218638;41,615646;40,101636;409,583152;93,11978;121,729349
1994-06-01;107,028229;86,821075;239,305609;53,489322;741,573532;546,819676;122,225762;35,679042;412,708929;87,312067;135,289889
1994-07-01;97,947415;77,672736;150,400664;49,436055;498,742498;420,915449;160,979431;16,378316;358,647234;78,112831;104,623261
1994-08-01;113,491449;78,570454;145,932311;57,122553;269,453398;121,002391;203,991844;43,861551;442,474845;79,020666;65,292455
1994-09-01;109,201733;82,195295;211,585974;43,084717;753,114953;660,796408;226,900027;49,705976;433,452717;82,668072;64,089628
1994-10-01;107,341366;87,063357;232,411788;39,150805;653,243498;615,408132;128,664945;54,750983;483,003377;87,5582;47,345483
1994-11-01;107,451186;88,722408;241,774388;40,704391;658,937266;432,835776;83,709952;50,153926;424,181949;89,225084;48,602455
1994-12-01;107,129864;88,605562;207,42803;40,052156;515,669915;384,633165;52,549923;51,277524;474,656134;89,105666;41,905619
1995-01-01;108,758239;90,438833;257,272836;45,096834;705,410721;630,178195;49,643519;51,732854;403,899922;90,949966;58,996793
1995-02-01;98,858382;83,039095;238,222811;39,451434;622,466376;466,453317;42,529039;47,169971;454,338587;83,512369;64,181933
1995-03-01;116,013927;95,769463;215,852198;44,478042;705,564606;559,085109;40,984057;54,365237;464,46184;96,315378;96,609819
1995-04-01;102,031519;91,203313;176,366159;50,021308;571,838164;466,117869;33,867763;52,100391;453,663703;91,717887;119,722912
1995-05-01;115,170293;97,86502;178,589504;48,552349;578,147474;425,084987;42,303644;49,685756;402,585675;98,418073;129,473088
1995-06-01;108,742751;91,779375;224,543456;43,011494;715,567017;476,652413;127,05934;45,539513;377,224292;92,295751;141,994312
1995-07-01;102,627895;80,877981;123,37402;45,041482;511,053347;401,206102;165,512146;27,078301;358,114431;81,335291;108,745002
1995-08-01;115,56481;80,288044;71,94111;44,748348;269,453398;115,302036;206,530756;37,187918;387,631706;80,747508;66,810487
1995-09-01;108,606904;81,667318;208,98004;42,689394;660,168351;582,164029;231,780309;49,07947;467,623137;82,136655;63,51197
1995-10-01;114,401585;89,801374;254,876243;44,043665;741,573532;539,866925;129,632053;54,033965;452,562578;90,313154;49,210469
1995-11-01;107,585613;89,971862;246,127236;45,70329;670,170916;379,722936;83,919545;54,506475;438,212422;90,481768;49,41238
1995-12-01;103,974134;87,042182;190,955057;39,883287;458,270736;289,364197;52,914994;47,154954;516,569924;87,532697;41,062067
1996-01-01;118,674433;91,753749;244,986689;53,542606;697,254783;584,790904;52,23466;53,949696;383,724486;92,276334;60,691259
1996-02-01;102,971947;86,336535;231,336209;50,901028;696,177584;445,370916;44,551257;51,598315;407,025699;86,831313;67,12187
1996-03-01;108,398883;90,784442;225,64791;47,532363;702,179123;536,839385;42,484976;52,541532;415,834705;91,305111;92,396406
1996-04-01;107,30778;94,00046;188,399654;59,83906;675,095255;589,893956;34,907906;49,685865;442,830047;94,535944;124,349819
1996-05-01;114,245728;95,217008;155,720811;49,20985;585,072326;484,926975;43,722511;49,002543;364,827747;95,757755;126,323803
1996-06-01;105,098146;84,8809;215,087021;48,317118;657,860067;582,178145;130,691905;45,818691;348,452941;85,36073;133,309517
1996-07-01;121,116937;85,128583;181,982271;59,082855;537,983329;568,757903;171,312919;28,418185;386,317459;85,613223;115,580192
1996-08-01;117,811702;79,285424;50,104678;49,624845;290,689459;99,569986;215,649046;43,401033;387,702747;79,741239;66,25643
1996-09-01;113,824295;79,546151;189,951664;53,478764;640,009336;591,388048;241,887177;45,440327;479,451359;80,004743;62,51506
1996-10-01;120,719758;88,838763;254,702996;59,604129;722,953527;658,956608;136,418742;53,831472;434,056561;89,348841;49,626533
1996-11-01;103,848253;85,010612;236,288212;47,652629;606,000616;445,264094;88,520389;52,831278;379,923826;85,495167;47,332169
1996-12-01;112,398867;84,679732;202,057352;57,034361;470,735471;374,779174;55,359306;51,332275;466,770652;85,161805;40,813637
1997-01-01;115,975157;91,833586;205,608929;62,074008;658,78338;626,11056;52,483284;56,111049;382,800961;92,356507;60,691575
1997-02-01;102,084783;82,928564;209,802967;54,82912;640,470993;471,571649;44,354978;51,495252;380,101427;83,403196;64,412782
1997-03-01;109,186225;89,8247;206,287483;57,152871;626,467402;607,086605;42,298729;58,958659;388,093469;90,337957;91,604864
1997-04-01;122,084276;95,595644;230,46997;68,698844;672,017543;670,530785;34,892129;57,246985;459,489014;96,138888;127,063299
1997-05-01;109,574906;95,016744;173,124984;55,760013;527,365222;551,346488;43,763143;54,997684;349,731667;95,556032;126,988661
1997-06-01;107,630169;86,678011;234,028774;49,74475;668,170403;650,605022;128,482152;52,817098;341,313383;87,168974;137,063899
1997-07-01;113,472384;86,333262;152,891099;58,290834;485,816261;578,027783;167,575844;29,235869;398,110132;86,826183;118,424626
1997-08-01;105,008055;77,21248;70,836656;48,548222;268,991741;90,110857;210,013369;46,502015;371,2569;77,656287;65,179442
1997-09-01;113,396361;82,255882;265,523764;46,832437;664,323262;637,097213;236,407726;46,500022;470,855474;82,730258;65,260163
1997-10-01;115,541843;89,41619;331,704389;58,070781;689,098846;690,997249;134,487423;54,961845;513,231027;89,930299;50,216021
1997-11-01;100,619971;85,257389;302,909175;48,824774;541,214927;442,846467;88,010685;51,7199;407,16778;85,745206;47,750304
1997-12-01;116,948487;90,163091;261,604035;53,262506;478,275866;418,774698;55,398934;51,186876;522,040033;90,676554;43,628246
1998-01-01;111,787535;96,934066;267,212929;66,258105;604,923416;594,960142;55,417245;61,009883;419,280163;97,481821;62,741436
1998-02-01;98,474183;87,888149;283,902462;46,842529;584,456784;487,535697;46,833894;49,979638;387,596186;88,388298;67,326495
1998-03-01;114,97439;98,326972;264,975146;56,460929;650,627443;598,121953;44,056877;54,855083;496,998331;98,886646;99,636878
1998-04-01;115,227419;98,654664;190,825121;63,887397;612,309926;615,719062;36,127605;49,969025;450,999689;99,213445;129,916803
1998-05-01;103,485039;96,20838;167,877023;54,760068;521,517569;514,891059;45,106729;50,121067;348,097739;96,752156;127,607697
1998-06-01;109,317334;92,214823;200,555872;60,413515;653,705155;621,612924;137,123424;42,416652;319,965751;92,736511;144,775005
1998-07-01;110,156256;88,49262;193,214502;68,356262;450,730341;545,453089;175,605514;25,359081;385,358414;88,99553;120,118898
1998-08-01;106,497997;81,034067;30,332787;44,748961;287,303975;75,424264;214,820173;49,557787;362,092692;81,499461;68,131795
1998-09-01;111,265444;87,608772;200,115535;50,540785;684,636163;564,811809;246,420809;49,05016;429,509977;88,112928;68,821403
1998-10-01;106,075472;93,176478;261,271977;52,023022;697,100898;586,375895;137,41258;52,301475;456,825;93,708084;51,333419
1998-11-01;105,490802;92,133321;171,024356;54,552836;510,59169;405,561636;89,813521;48,709117;393,776698;92,657192;50,97137
1998-12-01;113,576421;94,765711;164,390414;56,77589;464,118389;362,34931;57,259939;52,473232;438,816266;95,302426;45,266556
1999-01-01;104,714727;96,235521;236,216025;58,646299;595,228777;533,783654;56,637549;50,463131;427,982609;96,779801;62,674128
1999-02-01;98,860714;89,989013;207,738432;42,61396;580,147987;414,986268;47,576323;44,156719;347,955658;90,501046;69,457986
1999-03-01;121,660768;101,860147;249,48391;55,983496;606,462272;559,132537;44,973687;45,8377;394,238461;102,442037;104,263
1999-04-01;105,728653;98,327169;206,821663;56,336445;532,135676;598,794112;36,905511;44,849029;405,42729;98,883949;129,981172
1999-05-01;105,797469;95,828991;166,288919;56,021268;501,974096;451,265862;46,11621;53,799036;321,919361;96,371285;127,874335
1999-06-01;108,12799;91,932586;247,354407;56,236359;693,715414;553,827325;135,352919;40,242528;357,83027;92,453774;145,770472
1999-07-01;105,10547;86,910581;181,975052;57,286825;548,447551;473,199651;173,80544;23,411604;330,017964;87,404383;119,097084
1999-08-01;111,178612;82,920238;38,56927;56,859889;249,294383;69,898118;213,958589;50,532508;377,970215;83,395434;69,804896
1999-09-01;109,60732;86,937805;244,690724;52,118579;666,631547;551,112824;244,810568;50,343784;402,692236;87,438395;69,065993
1999-10-01;106,531136;90,784516;263,762412;51,743898;550,601949;565,317992;139,337449;56,75905;414,98222;91,30295;50,387929
1999-11-01;111,405464;94,222577;255,186645;54,806376;529,673506;398,950858;91,951505;48,482875;398,820536;94,757794;52,377779
1999-12-01;112,693552;95,278129;185,273977;54,416116;469,966043;323,055911;58,559032;46,784105;435,015606;95,817723;45,839645
2000-01-01;107,656687;94,320773;172,027749;59,676769;524,903052;506,257818;57,324808;55,136952;356,302902;94,853391;61,818471
2000-02-01;103,667449;92,87572;169,479564;50,587632;555,064632;422,010623;47,865517;50,815192;333,747583;93,40508;72,354511
2000-03-01;116,742342;102,467959;206,070923;60,940494;627,544601;564,17531;45,604248;52,732012;363,016217;103,052762;104,65274
2000-04-01;102,071286;94,56711;201,797481;51,152906;479,045294;507,53698;37,519683;51,874778;370,972739;95,103418;125,842282
2000-05-01;115,875066;99,769737;186,573334;62,236031;521,979225;476,611431;46,600473;51,940828;324,796526;100,33789;134,97784
2000-06-01;102,793695;90,630175;156,096181;54,033866;527,211336;470,983502;131,614172;51,586041;329,520681;91,145065;144,961276
2000-07-01;100,049454;85,209007;142,72001;55,530035;454,26971;412,647895;167,112443;25,217566;328,064354;85,693967;117,013288
2000-08-01;113,130007;86,234571;49,267314;50,750775;256,06535;102,729668;203,559914;45,967309;315,170555;86,730602;72,667154
2000-09-01;104,330212;86,084806;185,815376;51,066716;536,444473;535,214817;234,520019;50,748762;405,818042;86,581052;68,359435
2000-10-01;104,632799;92,432231;222,392298;54,750139;527,980764;586,828165;135,837977;55,474988;413,561442;92,962545;51,783419
2000-11-01;84,789358;94,365862;227,575291;56,989911;461,040677;408,351816;90,999697;52,842875;399,81513;94,904971;53,024289
2000-12-01;93,844935;93,176196;169,01757;46,873152;361,784611;296,813132;58,810574;54,777454;342,805231;93,705362;44,880684
2001-01-01;101,979414;99,205758;161,582358;62,887497;518,593742;508,522098;57,594867;54,220628;356,729144;99,769403;65,29578
2001-02-01;92,863167;89,549725;152,660103;52,542615;463,810618;391,305808;47,911526;50,958813;316,768964;90,061116;69,836263
2001-03-01;101,554053;101,511412;155,821873;60,813023;537,213901;552,780442;46,007437;55,101472;364,437024;102,092719;103,627955
2001-04-01;110,308338;96,589014;174,655338;60,745617;487,816774;505,505662;38,055673;53,109674;349,660627;97,13954;129,023678
2001-05-01;109,68096;101,614457;136,389251;77,669803;480,276379;445,338749;47,467327;54,13091;300,92696;102,195128;137,483426
2001-06-01;99,307494;92,496413;183,548719;53,261258;533,982303;482,339978;132,80173;54,606966;291,727232;93,021332;147,428176
2001-07-01;105,193564;86,979469;161,957728;60,418895;498,126956;391,610413;168,353211;38,6718;312,719662;87,476742;120,865031
2001-08-01;113,73687;88,084107;48,133985;56,664313;324,544293;97,116277;204,631874;44,789503;279,224127;88,59137;74,666384
2001-09-01;103,815466;84,573917;210,813578;54,92792;512,284432;444,796383;235,527494;48,948818;340,283298;85,062017;67,138063
2001-10-01;123,083493;98,10204;228,340468;63,564007;582,764042;466,021588;136,967872;52,737912;378,147816;98,665204;55,194426
2001-11-01;114,798906;97,222317;196,145275;60,183847;491,048217;296,656693;91,946583;49,073942;343,728756;97,776092;54,371177
2001-12-01;104,887404;92,947445;161,40911;56,486487;376,095973;236,439762;59,466146;55,388636;370,368896;93,473968;44,559832
2002-01-01;118,477561;103,274305;194,853137;74,195158;511,822775;429,407933;56,621359;55,918319;357,822205;103,861904;68,296746
2002-02-01;102,997582;91,407402;193,077348;59,660791;498,126956;344,690657;47,276749;53,884507;305,007764;91,929505;71,435442
2002-03-01;110,195113;99,738703;215,886126;69,672972;511,515004;443,741549;45,333248;58,842;331,15295;100,310333;102,082795
2002-04-01;111,907689;101,835609;158,680459;68,985003;456,885766;439,374088;37,045889;51,228879;305,706522;102,41494;135,58664
2002-05-01;112,826563;103,950916;138,771407;61,271032;397,332034;350,437437;46,581593;48,498045;253,823758;104,542735;139,757973
2002-06-01;98,270947;91,134521;199,877319;54,67861;591,535522;414,836556;132,069335;54,109912;247,913432;91,651147;144,931426
2002-07-01;112,088259;91,513227;151,046734;72,26565;645,703103;372,415642;168,110118;31,197668;202,960016;92,034798;125,925161
2002-08-01;110,055432;86,499559;86,077398;62,058884;303,923621;71,35426;205,212391;47,200957;174,252717;86,996361;72,655124
2002-09-01;108,272891;86,232832;195,618314;56,355545;588,150038;404,297474;236,846945;51,687818;185,258152;86,729669;68,573401
2002-10-01;118,693393;97,274109;228,993034;63,088;631,237856;467,898174;137,918271;57,482985;193,235637;97,831531;54,581047
2002-11-01;103,989179;94,212988;209,004584;56,874378;506,282893;288,574874;92,02399;56,054237;203,862578;94,750012;52,767606
2002-12-01;109,52854;93,893466;160,342915;63,369002;403,487458;250,765487;58,410632;57,395982;192,944488;94,425654;45,154282
2003-01-01;115,577022;100,716752;210,108316;68,999068;535,213388;414,130361;57,300273;56,014314;189,363354;101,29057;66,904807
2003-02-01;102,647304;89,891838;175,86735;55,083557;513,05386;341,060172;47,595606;51,576936;174,747671;90,407734;70,647145
2003-03-01;110,478914;97,051773;211,983722;70,590319;553,064119;399,178981;45,768416;60,705;166,479037;97,608531;100,156704
2003-04-01;117,561691;102,422925;189,385;61,679096;570,299308;403,114714;37,38027;57,60659;182,113742;103,00726;137,256031
2003-05-01;108,16323;102,544508;131,856659;72,524203;389,791639;306,885106;46,818897;53,55322;150,786102;103,127124;137,362046
2003-06-01;106,487222;90,149584;209,543095;67,892365;513,05386;396,19413;128,190328;52,782322;162,373835;90,66152;144,358109
2003-07-01;109,784798;89,035645;185,68544;71,008144;552,294691;337,623594;162,104316;40,916103;139,14014;89,544052;124,071462
2003-08-01;101,341295;81,638935;54,854551;63,639412;284,995691;68,6349;197,270246;49,882889;164,703028;82,109121;69,74631
2003-09-01;112,517872;89,313076;201,515953;63,534621;507,360092;421,712061;228,710897;51,508647;192,1875;89,829256;71,557933
2003-10-01;116,335022;97,653911;224,784559;70,626844;568,144909;386,834334;135,832178;51,612976;224,155668;98,215308;55,046019
2003-11-01;100,577511;92,431125;189,634043;65,541678;568,45268;253,384952;91,909352;58,389792;204,70691;92,960492;52,205914
2003-12-01;112,177645;97,719152;157,511037;74,821178;288,688946;216,550884;58,74432;58,07692;221,85559;98,274975;47,377061
2004-01-01;109,564317;99,313922;190,99115;76,775466;402,102488;339,18196;56,793105;54,28975;180,104814;99,880149;66,284161
2004-02-01;98,541873;90,515752;165,350494;66,524392;318,081098;310,108982;47,699317;52,114766;172,651398;91,034832;71,18136
2004-03-01;117,037493;100,791494;209,124413;79,120548;392,56158;394,138657;46,628099;60,080446;202,057453;101,372472;104,410163
2004-04-01;108,138464;100,804921;151,81552;80,623581;386,25227;404,557021;38,0607;57,610589;173,029891;101,381437;135,556831
2004-05-01;98,738451;97,142777;140,828723;76,457143;303,61585;303,397726;47,51615;60,83269;155,997671;97,696544;131,805627
2004-06-01;109,667741;94,128417;191,525337;78,881535;440,420005;370,642927;129,638812;55,781172;193,643245;94,667446;152,451176
2004-07-01;101,012077;88,041757;148,65375;79,87793;328,237548;317,362443;164,06621;34,542819;139,838898;88,547221;122,856362
2004-08-01;107,552098;85,244427;65,494853;74,002011;253,757066;64,713563;199,768949;48,954251;188,781056;85,737035;72,79283
2004-09-01;106,984127;90,653456;171,941125;74,443774;400,409746;399,25713;230,43099;52,435804;197,137034;91,177075;72,378127
2004-10-01;105,109305;93,613917;178,271883;74,639462;323,313209;387,997055;136,785229;62,467143;224,184783;94,15172;52,829365
2004-11-01;105,6518;97,877224;173,709695;72,025145;279,301924;282,976723;92,178166;56,670649;190,557065;98,438571;55,41645
2004-12-01;108,892696;99,120027;136,331502;89,595721;289,920031;241,686664;58,809566;60,884001;217,05163;99,684413;48,107556
2005-01-01;105,160379;99,545268;160,571746;83,741511;304,077507;328,0722;54,309439;57,023724;159,724379;100,11079;65,677509
2005-02-01;95,658555;92,666241;117,967249;63,969181;308,078533;250,34402;45,906605;57,550978;179,027562;93,195657;71,929255
2005-03-01;114,760288;103,344774;131,033011;87,240491;300,845909;331,277885;45,066144;60,068929;204,794255;103,938149;105,999826
2005-04-01;104,312438;99,824163;125,799487;77,58454;325,159836;315,787351;37,870115;60,010393;179,260481;100,393725;133,39785
2005-05-01;106,592632;101,244404;122,558312;87,435782;313,156758;250,376528;45,915681;63,539853;172,709627;101,822391;136,651116
2005-06-01;104,522076;93,753519;156,276648;80,643506;390,407181;290,212173;124,702717;55,856655;178,212345;94,289156;151,214396
2005-07-01;94,923116;84,746725;98,700657;81,655369;283,764606;268,380909;155,132203;39,971963;137,36413;85,230497;117,179921
2005-08-01;110,344701;89,149386;31,148495;87,976551;239,137933;68,274955;186,988875;49,368419;202,028339;89,663275;75,332978
2005-09-01;107,112853;89,783914;155,720811;80,932053;409,488997;319,368481;217,662084;55,805424;208,957686;90,302695;71,808133
2005-10-01;104,019234;93,597698;159,79935;74,089733;355,629187;317,019365;127,817018;66,975788;214,402174;94,135787;52,755456
2005-11-01;107,59914;97,436808;138,417693;71,853268;386,098384;231,709766;87,262235;63,362041;205,929736;97,996243;55,365243
2005-12-01;106,799283;96,237247;130,390551;79,38279;296,844883;214,601511;57,794888;65,894508;205,405668;96,787153;46,906544
2006-01-01;105,352798;99,840324;155,576438;80,532439;384,405642;297,158679;45,672103;65,385462;184,704969;100,409695;66,565727
2006-02-01;96,069695;91,01219;105,154133;70,456445;323,62098;213,370721;38,932841;58,933819;172,360248;91,535045;71,558755
2006-03-01;114,474143;102,757079;149,837609;88,325854;366,093409;279,321861;47,54456;67,486283;217,459239;103,34988;106,469921
2006-04-01;99,377195;94,575661;114,213549;86,336383;313,772301;278,394452;38,818537;66,435795;182,375776;95,117451;127,260109
2006-05-01;108,030811;101,752441;115,361315;102,754732;314,695614;239,783674;51,066605;68,739994;185,374612;102,334814;138,577018
2006-06-01;102,373839;92,298808;146,719144;88,930789;333,008002;273,969101;105,642298;62,327793;184,704969;92,828064;149,951699
2006-07-01;92,727137;83,672299;136,187129;87,31764;257,604206;223,185597;180,867068;48,82145;125,951087;84,152413;117,543724
2006-08-01;108,794307;88,193047;55,684696;86,67463;211,746294;75,5445;188,601214;39,548512;224,592391;88,703739;75,425368
2006-09-01;101,242298;88,303618;146,307681;86,824856;345,780508;271,042139;201,390368;54,881598;205,696817;88,81547;70,589427
2006-10-01;106,236291;96,299635;155,829091;87,465972;354,551988;296,002284;142,079206;70,938921;248,641304;96,855172;54,457575
2006-11-01;104,837858;97,977654;150,494507;85,799599;311,310131;217,758282;94,478805;68,975197;214,780668;98,540834;55,965213
2006-12-01;99,973336;94,49125;134,873334;80,708244;237,599077;161,52907;58,464889;72,732048;192,653339;95,030691;46,014203
2007-01-01;109,426498;103,091306;142,517888;94,652908;345,626622;254,839869;57,117953;70,405746;216,469332;103,681385;69,088489
2007-02-01;96,908006;91,546651;133,357417;80,624972;326,08315;194,933447;51,331741;71,032832;198,738354;92,072889;71,931685
2007-03-01;109,904723;101,065097;161,423547;98,193363;335,162401;259,06824;50,649035;74,043334;213,674301;101,646965;104,189208
2007-04-01;105,300916;98,371866;132,613896;96,488797;290,073916;260,613414;43,146932;72,018244;193,177407;98,935426;132,573394
2007-05-01;108,482875;99,813716;107,911665;105,312424;280,379123;223,713426;54,623083;71,446415;211,403339;100,386843;136,184301
2007-06-01;101,279161;90,821867;181,310936;91,651435;349,319877;260,230318;108,576219;71,54546;228,522904;91,344299;147,96023
2007-07-01;103,07619;90,142796;138,576503;95,898814;323,774865;224,210914;131,830119;56,570198;149,563276;90,662922;126,618817
2007-08-01;109,807692;89,851488;54,796802;99,040301;257,911977;69,95667;180,52434;46,899769;233,559783;90,371791;76,402382
2007-09-01;98,652623;87,033855;149,989201;84,944189;409,488997;243,166238;192,199396;61,560678;213,150233;87,537735;69,794241
2007-10-01;113,526789;99,479717;178,120292;90,613682;403,949115;260,093296;186,397135;73,946073;235,91809;100,054714;56,511987
2007-11-01;102,892875;99,864206;159,15689;91,838206;370,863863;174,308336;102,18463;72,605005;203,804348;100,438222;56,797926
2007-12-01;97,912653;98,122175;110,35157;82,586514;249,140498;143,315782;62,954554;77,4922;180,512422;98,681775;47,694947
2008-01-01;106,190795;108,789792;125,801631;98,951872;344,873044;281,495663;57,105077;77,969948;214,227484;109,411442;72,730138
2008-02-01;98,315664;101,173556;103,861979;81,051396;329,699923;216,52456;55,532694;76,066437;188,781056;101,752287;78,773494
2008-03-01;99,758152;103,503588;121,251714;82,061736;334,424211;244,502345;51,44834;84,51052;195,44837;104,096297;105,823876
2008-04-01;106,571008;103,93078;122,933661;96,134238;375,219287;273,795293;47,480809;76,143498;204,968944;104,526313;139,228646
2008-05-01;100,594677;101,887339;96,520609;93,919394;302,154399;189,714175;50,147421;77,323933;190,178571;102,470711;137,709845
2008-06-01;97,882466;91,106444;145,564138;86,629515;375,08079;258,71189;95,923214;77,966811;219,351708;91,627783;147,653649
2008-07-01;104,449582;91,804383;125,628384;96,035473;328,23801;242,114456;157,894213;62,870746;166,944876;92,332339;128,894949
2008-08-01;98,194267;84,575651;29,535841;89,765109;204,190818;68,006252;183,171414;59,215264;193,934394;85,063518;71,816813
2008-09-01;107,28406;90,313025;130,573883;88,602562;411,259297;245,556114;216,369248;83,370193;205,143634;90,836068;72,46354
2008-10-01;109,871854;96,859789;140,397748;85,949231;417,106951;254,652347;179,104924;90,181729;215,362966;97,41791;54,455214
2008-11-01;94,466374;92,79402;110,618639;77,046265;317,696845;139,370853;90,797639;95,290207;214,809783;93,327105;53,26958
2008-12-01;109,493827;97,838984;96,708294;85,643077;283,134137;108,220595;59,26267;99,931489;230,328028;98,397196;45,869697
2009-01-01;101,99123;100,828054;104,466181;94,974075;324,083098;174,983186;54,910472;104,346288;209,627329;101,403625;47,123239
2009-02-01;92,156994;92,317485;122,949542;78,330927;343,918954;120,116767;52,914131;87,556305;201,242236;92,847417;80,686224
2009-03-01;106,046277;101,162938;129,118602;89,887869;353,921518;178,661119;56,768368;103,040026;205,609472;101,744521;94,552666
2009-04-01;103,402562;101,465778;120,875623;92,211331;363,462426;164,06647;49,500601;98,476745;199,087733;102,047084;120,12614
2009-05-01;95,716312;96,410621;95,958276;90,218044;269,51526;139,538737;53,948638;103,076219;175,650233;96,962617;112,529211
2009-06-01;102,678673;92,820217;132,584278;86,9159;287,319826;172,698687;124,659985;97,636952;206,36646;93,351931;132,433133
2009-07-01;99,635539;90,377657;104,419981;81,980387;253,5881;207,380037;171,158347;67,354527;153,493789;90,895887;104,733327
2009-08-01;99,544782;82,931476;33,134339;93,020218;216,409336;64,911647;177,267567;79,349214;182,958075;83,410351;66,411323
2009-09-01;106,335843;86,674545;135,961886;87,033405;311,787638;205,993952;202,593923;97,96965;202,727096;87,177502;70,386833
2009-10-01;103,122861;94,833488;153,617267;86,744141;349,828161;164,527233;118,431032;102,799245;210,99573;95,381864;46,25404
2009-11-01;99,732474;91,854154;126,260738;85,099773;352,09028;115,459659;80,989769;111,877626;203,309394;92,381978;50,692598
2009-12-01;107,116269;97,580599;109,325056;96,666019;255,18851;84,388635;56,975317;104,880742;237,34472;98,137679;34,909106
2010-01-01;98,128497;97,634448;98,701364;96,525508;331,069505;148,052153;59,720694;114,619073;186,277174;98,192945;75,771288
2010-02-01;92,633889;91,803765;117,627229;85,507251;324,28315;132,405899;51,892335;99,551577;200,951087;92,3317;91,536766
2010-03-01;115,343368;103,561372;128,741789;95,652392;407,4891;196,331453;57,795262;106,656305;195,244565;104,158711;125,454219
2010-04-01;101,813485;99,420707;122,435574;92,521752;343,272634;198,27881;46,766634;105,597921;202,552407;99,990923;117,909979
2010-05-01;99,462387;98,828073;115,084819;94,000159;289,151064;185,878656;46,152472;101,989285;174,660326;99,394202;120,464963
2010-06-01;107,172295;95,228186;135,182271;87,645207;352,705822;214,386384;110,585643;81,150395;215,857919;95,77368;123,498311
2010-07-01;98,015722;88,570746;122,497654;92,845084;254,234419;185,413091;136,354993;79,638253;140,974379;89,079672;109,477533
2010-08-01;106,19491;87,798924;31,788782;100,664491;261,097717;91,335487;150,475287;83,413609;216,614907;88,30589;78,489802
2010-09-01;108,549916;92,931534;116,845449;94,191162;329,51526;219,385457;190,038299;99,963653;216,149068;93,468283;65,795677
2010-10-01;101,493521;98,010607;122,886017;99,744661;294,721724;231,166347;136,152996;99,373808;221,651786;98,574811;53,669409
2010-11-01;104,662165;99,756881;105,620443;98,457998;298,830469;196,601937;85,574369;106,250297;230,619177;100,330817;43,17902
2010-12-01;111,205906;100,573092;100,421569;102,078055;256,927417;166,58979;65,17077;112,792116;220,3125;101,149313;30,461526
2011-01-01;103,061978;100,652897;97,976612;113,447156;325,99128;140,468858;63,492515;105,185566;194,778727;101,229041;68,743439
2011-02-01;98,050525;96,060497;123,558796;98,716126;294,213901;157,481781;60,302772;99,473071;177,076863;96,610411;85,174785
2011-03-01;115,810561;107,871834;145,543926;111,641035;332,19287;175,43764;65,959318;115,769778;190,295031;108,490416;119,120889
2011-04-01;103,318212;100,865669;126,701797;102,989793;319,204924;171,584646;51,659837;99,901438;192,158385;101,444153;121,449141
2011-05-01;112,69658;101,258115;129,044972;109,471698;340,702744;187,205065;70,702855;102,246439;192,565994;101,840382;142,123881
2011-06-01;103,19536;93,431937;137,125532;93,930287;298,014876;176,399553;122,009633;92,370408;212,713509;93,969875;134,978844
2011-07-01;98,730221;88,69994;122,016892;102,764619;239,261349;195,894039;150,392414;68,477285;137,946429;89,210813;104,249835
2011-08-01;113,303251;93,130064;15,563416;105,972918;183,785586;92,859198;170,726976;89,714514;219,875776;93,66894;43,366324
2011-09-01;104,222497;91,106672;132,325128;98,142772;359,507566;169,952888;210,639681;106,022324;139,402174;91,634934;58,821272
2011-10-01;101,749007;94,941923;131,967805;95,499258;307,525006;163,070927;145,658504;90,900079;178,328804;95,491044;41,206311
2011-11-01;106,31311;101,348847;122,362665;91,388856;362,508335;148,036796;94,045245;105,212784;175,854037;101,933452;48,355121
2011-12-01;102,406103;97,945135;108,648668;113,925032;259,558861;113,086109;68,040221;116,920492;178,387034;98,509283;33,943494
2012-01-01;103,046118;102,341034;103,457735;103,201079;340,995127;131,892383;63,716065;125,136613;171,690606;102,929187;79,982573
2012-02-01;98,910313;98,977729;126,525662;85,236901;306,340087;126,179802;54,596547;105,878476;201,67896;99,548004;94,023536
2012-03-01;106,405277;104,795694;119,179961;100,572959;346,62734;131,129076;61,413339;122,876998;158,559783;105,400136;112,742952
2012-04-01;101,017231;100,76827;122,089078;93,365208;315,111567;164,110541;52,339776;121,456095;137,684394;101,346788;137,789029
2012-05-01;104,659505;103,582606;106,908251;97,797626;286,673506;172,721315;55,686525;106,639155;137,684394;104,179226;111,161502
2012-06-01;99,437937;94,638134;142,539522;97,618731;338,317517;160,937787;95,070408;111,003777;129,998059;95,180775;121,045515
2012-07-01;96,845728;90,229578;122,327294;103,341778;285,427033;191,189213;126,857222;65,996022;123,272516;90,747252;92,109454
2012-08-01;103,486989;92,343187;26,759547;95,063731;245,87843;92,235953;187,703866;107,176303;141,702252;92,878018;63,047603
2012-09-01;94,217472;89,452366;113,66491;95,283731;342,303155;147,863757;196,534118;114,328029;126,184006;89,967507;65,750889
2012-10-01;109,994892;101,208077;127,97228;106,372156;371,23365;154,443876;181,595045;115,711824;144,817547;101,793918;60,717924
2012-11-01;98,393797;98,622683;126,391395;99,244837;322,451911;153,450742;97,399218;127,11724;143,76941;99,1928;55,028364
2012-12-01;95,002799;94,358383;99,393633;107,927368;258,789433;88,347133;67,733565;121,686633;126,184006;94,901648;31,914895
2013-01-01;103,507854;106,684867;83,2816;111,602231;335,055142;143,035199;68,757657;119,359206;149,272127;107,298954;77,679337
2013-02-01;91,036688;96,670369;121,843644;93,476556;282,610926;103,113658;63,827737;105,556812;129,415761;97,226327;103,118794
2013-03-01;98,72247;105,259646;137,616401;102,309831;265,375737;130,363811;61,997012;116,009869;136,141304;105,864203;104,709588
2013-04-01;99,603258;107,029126;124,889916;113,473972;264,160041;135,139532;58,944382;117,329192;149,475932;107,642286;133,364651
2013-05-01;101,291922;110,637448;111,225005;109,096083;233,244422;151,676992;58,612241;111,809287;124,873835;111,268621;103,184952
2013-06-01;89,875863;96,476738;108,720133;93,066587;288,920236;161,058127;76,881819;99,609643;117,624224;97,028598;92,756121
2013-07-01;102,563386;94,815517;101,638634;112,798043;217,701975;140,183262;159,149511;71,619508;123,243401;95,360183;95,911621
2013-08-01;93,457396;93,145408;33,898794;109,004127;186,278533;89,973788;163,414998;103,041253;123,185171;93,680295;84,441915
2013-09-01;95,358356;92,646136;108,315888;98,149057;273,854835;173,567047;188,906235;118,813889;128,891693;93,179218;71,009429
2013-10-01;105,947935;104,142491;138,359922;109,338912;313,818928;147,131604;175,087983;129,812133;152,329193;104,742969;63,69153
2013-11-01;91,954003;99,602208;122,175702;85,404636;266,145165;144,12904;98,948855;118,63415;144,904891;100,174754;46,075479
2013-12-01;97,79644;101,731979;115,455136;111,037871;193,5881;102,730463;70,00699;123,981785;145,42896;102,313592;35,191777
2014-01-01;102,708651;108,628859;128,802425;107,34247;242,369838;136,876289;66,902276;120,312626;130,347438;109,252637;74,342381
2014-02-01;90,096968;98,820832;120,436007;94,076703;243,908695;144,232753;59,565553;123,075762;120,128106;99,387274;87,420719
2014-03-01;95,938259;108,411797;108,655165;94,13512;270,530905;120,763397;58,421621;133,084733;133,084239;109,033545;105,102344
2014-04-01;104,264107;109,82412;135,739551;109,744851;163,734291;119,815099;57,599873;128,52451;141,178183;110,452095;123,492263
2014-05-01;94,707523;108,283293;112,64708;98,291427;104,180559;103,9109;55,743273;134,828283;127,144798;108,90002;111,574967
2014-06-01;94,740626;97,111085;117,31033;92,885313;105,719415;120,973504;103,890447;105,254313;115,731755;97,664149;122,460983
2014-07-01;99,78169;97,602768;84,703674;106,933753;112,798153;109,406725;167,325666;101,296993;111,102484;98,160591;135,472877
2014-08-01;92,353065;94,431866;47,967949;98,277193;60,784817;69,78431;163,312448;113,539747;114,450699;94,971425;59,193938
2014-09-01;100,846867;99,333644;114,487837;107,00361;108,027699;120,339842;212,348065;116,134359;138,092003;99,901913;55,106754
2014-10-01;107,141213;102,510024;122,457229;104,342478;129,263914;113,303517;151,890862;136,454577;148,34045;103,099442;49,870948
2014-11-01;91,683813;95,593915;100,180466;90,216897;110,182098;79,179032;87,113975;135,324859;133,055124;96,143503;50,146374
2014-12-01;104,155071;103,533943;98,383022;109,652725;79,866632;65,937575;70,36448;131,151959;145,458075;104,126121;34,453421
2015-01-01;99,535453;101,833609;108,89338;99,907081;111,567068;122,793986;64,631374;126,84222;125,07764;102,419835;77,676658
2015-02-01;90,195572;96,440219;105,341803;90,911025;115,260323;98,236514;60,108976;128,74666;123,010481;96,992996;96,71681
2015-03-01;109,734115;105,464246;126,124305;106,942846;105,411644;108,650533;60,975124;134,942517;135,529891;106,070303;119,502231
2015-04-01;99,613871;105,455882;95,943117;103,389919;103,257245;109,391739;55,317708;129,988646;122,661102;106,062273;125,233139
2015-05-01;90,673679;102,764525;85,923627;97,674919;84,790972;103,979524;51,327084;111,49168;106,851708;103,352399;113,497338
2015-06-01;105,559681;96,915145;107,940518;99,30028;113,875353;123,066725;102,951083;102,206026;115,236801;97,470881;139,247334
2015-07-01;97,285147;92,486447;76,005197;102,525232;82,482688;106,756748;153,745831;117,674362;111,510093;93,017329;142,123954
2015-08-01;96,744942;93,032773;70,90161;90,043746;73,711208;62,551846;158,218686;129,96196;108,365683;93,566706;83,600037
2015-09-01;107,31223;98,706789;102,591496;104,525726;112,490382;106,848969;180,867207;126,939738;121,321817;99,274518;56,402857
2015-10-01;101,051114;102,898127;111,073414;97,71816;113,25981;93,704964;126,959057;135,738984;128,920807;103,48836;58,333472
2015-11-01;96,242785;99,604515;114,841551;93,549788;117,414722;96,403742;89,471712;132,749431;128,891693;100,175097;42,216747
2015-12-01;106,05141;104,397722;94,419981;113,511276;66,478584;67,614709;66,925866;132,712461;137,072981;104,995991;35,938846
2016-01-01;97,686572;105,009385;116,617339;99,676839;123,415691;108,408387;65,196338;127,264562;117,944488;105,534689;74,239121
2016-02-01;98,131317;100,2624;110,914603;88,546091;132,18713;108,352841;64,846233;123,267754;118,876165;101,055541;107,946306
2016-03-01;109,65707;109,147738;119,338771;114,006455;148,960584;120,428999;64,466234;130,131982;119,720497;110,076416;139,545455
2016-04-01;99,669511;103,756033;99,978344;102,747453;141,574109;105,813245;54,887131;129,120519;118,090062;104,551774;145,956464
2016-05-01;103,559291;105,557482;106,576193;99,488445;75,249717;116,351957;53,551373;124,857525;112,762034;106,224035;118,530598
2016-06-01;102,322991;98,178783;106,381289;96,014498;43,549427;113,755117;95,091968;99,161298;105,716227;98,698648;130,846128
2016-07-01;92,261249;92,293055;64,289324;96,626779;46,47324;102,302057;120,18359;123,99051;89,353649;92,680088;96,606576
2016-08-01;104,819231;95,865915;48,754782;111,443428;52,166982;64,777817;157,697888;134,426854;124,815606;96,347996;74,943885
2016-09-01;102,951555;94,944732;104,757092;110,304225;96,639718;92,305438;190,091509;126,713747;104,901009;95,362434;68,095362
2016-10-01;98,146326;96,552353;108,813975;102,907715;104,333963;103,444998;119,89949;138,619588;118,060947;96,978561;51,208876
2016-11-01;100,590811;100,0192;110,900166;99,564241;92,177056;91,899042;90,857152;133,371704;125,106755;100,559878;65,877803
2016-12-01;102,131246;102,515128;104,908684;110,529828;4,001007;72,280538;73,272193;145,023835;122,428183;102,933552;32,952181
2017-01-01;100,4293;104,638805;103,984696;102,386011;4,001007;115,388175;67,989633;152,576293;115,265916;105,428496;92,494605
2017-02-01;91,032865;96,787653;92,102794;90,036793;4,308777;94,949778;66,919914;124,997454;102,659161;97,398996;106,931496
2017-03-01;107,268267;110,054086;126,63683;110,51742;1,538849;108,332921;74,404466;147,427523;122,369953;110,722346;128,572923
2017-04-01;94,2304;102,096896;90,456941;93,947851;0,30777;90,500755;59,003332;142,974363;104,580745;102,896256;138,016017
2017-05-01;104,344028;107,094267;113,88147;101,812427;0,1;93,306361;70,375187;117,385742;111,131599;107,860152;133,231658
2017-06-01;100,034597;95,430768;111,723092;104,050676;0,1;111,96341;116,955776;104,937879;95,118401;96,214923;143,000649
2017-07-01;90,645159;88,750997;64,585288;99,04477;0,1;93,84504;131,283244;107,237519;87,548525;89,339942;136,218421
2017-08-01;103,169231;96,096196;45,159893;104,542083;0,1;58,973016;168,396263;130,42007;106,531444;96,470134;86,556614
2017-09-01;100,151265;94,735848;91,041652;103,5266;0,1;96,626597;182,346007;118,699042;108,889752;95,029043;57,265199
2017-10-01;104,047253;101,107998;122,370606;100,771466;0,1;98,998724;133,62649;132,640155;132,065217;101,403541;52,690195
2017-11-01;103,257214;101,548606;115,902693;98,459338;0,1;106,681975;101,930052;146,756116;129,881599;101,874427;51,272051
2017-12-01;97,542151;100,885684;108,785101;92,955796;0,1;68,217113;67,147203;142,896419;99,631211;101,466035;24,67774
2018-01-01;115,963146;105,887259;121,764239;111,877483;0,1;108,769162;61,509175;144,70992;103,590839;106,384701;82,859378
2018-02-01;102,14422;95,833681;95,343969;93,997226;0,1;108,324652;59,908341;128,963453;109,268245;96,417795;104,330591
2018-03-01;117,805119;107,921602;101,039486;111,676435;0,1;108,628993;64,9731;138,638847;132,96778;108,409754;136,722217
2018-04-01;108,870976;100,881561;107,319714;105,275318;0,1;102,534842;57,12665;133,401776;104,988354;101,311574;126,726843
2018-05-01;113,396789;104,5383;86,667148;104,609368;0,1;112,139263;57,729253;119,39146;94,448758;104,991756;131,045743
2018-06-01;108,131293;93,05328;100,411463;98,091743;0,1;122,121614;99,349001;115,529012;121,438276;93,522151;141,443607
2018-07-01;107,607388;91,858969;85,107919;96,705371;0,1;107,390271;139,4851;119,729622;98,088121;92,291862;115,007922
2018-08-01;112,530302;90,831392;63,119902;98,494738;0,1;59,269847;161,677753;135,478977;104,318711;91,415734;91,914116
2018-09-01;102,511569;90,100625;86,811521;94,430406;0,1;89,900836;187,366104;116,451586;104,901009;90,758858;70,111288
2018-10-01;119,907095;98,886691;116,602902;95,374821;0,1;109,403154;132,372505;134,918762;119,196429;99,62159;59,201532
2018-11-01;111,746814;97,790352;119,771891;94,325038;0,1;89,717443;99,027776;138,403682;112,762034;98,583949;53,668173
2018-12-01;105,98085;97,498237;102,901899;97,96064;0,1;67,295121;65,46622;132,166844;105,716227;98,123939;33,855377
2019-01-01;115,476461;104,638235;102,014004;107,796802;0,1;120,388615;70,82671;132,242972;95,642469;105,043834;79,406753
2019-02-01;100,690563;95,658306;99,379196;106,810777;0,1;116,175047;65,252515;104,183889;95,584239;96,196252;107,092699
2019-03-01;108,518262;103,725944;102,172815;107,699358;0,1;118,510845;68,396596;115,517401;102,921196;104,475964;138,904432
2019-04-01;116,404016;103,847125;90,13932;113,0492;0,1;119,60269;63,378208;122,962861;103,037655;104,670648;139,135402
2019-05-01;111,263389;106,335498;88,941024;110,494092;0,1;108,319483;64,861145;139,878383;104,318711;107,368704;132,459592
2019-06-01;100,988756;91,567543;82,617484;101,651409;0,1;113,710541;96,757373;83,074661;105,483307;92,764333;122,563441
2019-07-01;110,268837;94,021531;72,114343;111,376265;0,1;109,182126;138,128847;85,649116;86,791537;94,78007;116,132249
2019-08-01;107,178643;92,31411;31,762073;105,705485;0,1;63,686131;137,065529;110,941423;99,281832;92,488905;87,594194
2019-09-01;107,56269;93,722927;85,165668;99,694011;0,1;109,867093;168,844121;103,220549;100,09705;93,861013;68,073466
2019-10-01;118,168982;101,826807;112,5388;104,692619;0,1;104,210326;143,578966;126,010163;114,508929;101,717988;60,993985
2019-11-01;104,345482;97,751124;118,645781;99,277914;0,1;94,885734;88,423192;122,570088;107,987189;98,008943;57,483271
2019-12-01;109,679191;99,518977;96,787699;111,319255;0,1;70,709472;66,547581;124,443258;100,999612;100,346554;27,226618
2020-01-01;112,986434;107,081006;96,138021;117,371781;0,1;93,971662;68,865962;109,718858;103,212345;107,674174;81,149397
2020-02-01;100,397051;97,733008;80,567386;112,488231;0,1;88,500214;65,034738;121,180325;106,764363;98,089475;108,504258
2020-03-01;109,544216;106,336406;93,019563;131,690185;0,1;86,513721;64,331091;101,472609;137,859084;106,925355;111,109895
2020-04-01;111,482244;104,358025;83,887967;121,11515;0,1;51,580653;62,887447;114,392998;119,778727;105,088808;99,651069
2020-05-01;99,719062;101,594268;102,685339;116,541518;0,1;65,102321;61,5374;110,835274;98,175466;101,968951;118,190399
2020-06-01;114,493821;98,048381;95,964773;123,96035;0,1;113,259517;95,733322;116,579489;99,86413;98,312711;137,65891
2020-07-01;112,897173;94,647365;71,854472;106,894107;0,1;99,596166;124,101906;110,363828;92,672748;94,928001;142,237101
2020-08-01;105,28503;90,398387;39,991338;115,903127;0,1;36,494395;147,880211;108,589586;99,223602;91,02897;77,979247
2020-09-01;110,838666;95,684784;75,781419;124,56977;0,1;101,562786;182,055889;90,390373;102,542702;96,587387;71,897368
2020-10-01;111,089554;99,873702;100,671335;114,264908;0,1;92,339398;135,013902;113,250507;118,206522;100,760373;56,648635
2020-11-01;105,576197;97,748492;102,533747;105,990489;0,1;111,146204;96,764419;124,076062;110,461957;98,668478;57,51113
2020-12-01;114,778807;102,780597;91,438678;119,207861;0,1;81,605833;67,1374;115,450512;100,329969;103,271835;29,594275
2021-01-01;106,392774;101,982321;91,915109;111,337726;0,1;102,903556;65,918316;109,935945;99,078028;102,45822;83,032334
2021-02-01;102,214156;95,060857;61,46683;105,364189;0,1;96,34036;60,867992;101,905468;88,713121;95,619439;121,730159
2021-03-01;124,02307;109,959872;72,135999;131,3977;0,1;96,544816;68,769618;118,189926;106,38587;110,486789;155,615294
2021-04-01;110,126991;104,970123;70,750018;114,213422;0,1;99,241286;63,230185;107,311595;108,103649;105,324297;141,72291
2021-05-01;105,089389;103,553453;81,072692;115,819393;0,1;98,507414;60,352821;113,944558;97,302019;103,594297;138,589932
2021-06-01;112,698713;95,66116;72,193749;102,13522;0,1;112,786791;102,416025;91,937635;91,973991;95,951751;148,848913
2021-07-01;106,824115;93,49907;42,799394;110,415497;0,1;99,182383;135,035778;78,409337;85,481366;93,372582;133,65577
2021-08-01;108,566138;94,159077;34,736158;115,448057;0,1;38,642838;150,19019;85,157927;103,357919;94,698634;70,048389
2021-09-01;109,62893;95,534908;81,260377;114,318482;0,1;95,922616;172,798942;89,329755;92,352484;96,405811;70,789301
2021-10-01;105,331726;98,320156;90,521909;108,1681;0,1;90,464448;151,165979;91,410579;106,09472;98,911566;53,30791
2021-11-01;109,156259;100,222696;95,459467;111,558659;0,1;81,785339;94,352577;101,674749;112,325311;101,185832;55,409292
2021-12-01;111,496913;101,510406;77,831517;116,464069;0,1;72,669944;74,901577;110,792526;108,831522;101,990783;27,249796
2022-01-01;103,611531;102,57056;80,408576;110,766206;0,1;105,243917;76,269479;106,435125;98,350155;102,086949;84,477213
2022-02-01;97,848581;95,988687;62,665127;102,349894;0,1;96,108307;70,976928;98,418919;89,761258;96,069582;114,4475
2022-03-01;118,119102;108,852179;70,057027;126,730534;0,1;110,172968;75,913778;107,374945;104,231366;108,942757;152,944821
2022-04-01;105,348897;102,733261;62,044323;109,230779;0,1;94,672283;63,45365;103,199965;109,47205;102,263064;141,712883
2022-05-01;107,966239;103,367708;75,911355;112,334987;0,1;96,560066;70,997334;98,221338;100,126165;102,839985;131,499342
2022-06-01;106,78389;94,186648;76,09904;101,283401;0,1;108,185722;115,222203;83,223845;84,31677;94,0263;153,996137
2022-07-01;98,174186;91,41014;48,054573;111,31425;0,1;105,801817;131,340093;89,229085;84,171196;90,922661;133,131813
2022-08-01;107,944902;94,016615;30,578214;115,379921;0,1;47,303811;142,472931;101,775056;107,69604;93,922661;99,666677
2022-09-01;106,307235;94,583551;69,724969;111,975642;0,1;110,239903;165,81457;85,573863;96,108307;94,906141;82,14305
2022-10-01;102,415403;98,505005;83,960153;113,725241;0,1;98,139889;127,839529;92,756542;111,422748;98,721469;71,535109
2022-11-01;104,898129;99,057211;84,212806;119,052988;0,1;93,734114;101,857128;94,927871;106,444099;99,38785;64,120615
2022-12-01;104,943388;99,689447;69,479535;120,550887;0,1;72,335814;70,486636;105,967162;112,38354;99,404631;37,954882
2023-01-01;103,778345;102,806196;84,133401;126,4368;0,1;96,96915;71,677896;108,204727;115,731755;104,161426;96,558365
2023-02-01;94,316373;95,429808;61,640078;112,748442;0,1;106,869999;63,636201;98,00532;106,735248;96,904478;126,550238
2023-03-01;112,80867;107,142217;86,342309;126,100864;0,1;106,581758;68,629147;111,249003;106,735248;108,51319;150,99559
2023-04-01;95,742576;99,123933;59,063019;114,755186;0,1;104,818301;63,360655;108,107505;102,542702;100,097061;130,296138
2023-05-01;102,628005;103,746244;80,127048;119,564531;0,1;100,643838;66,392241;113,222707;106,240295;104,915552;138,540108
2023-06-01;106,635534;93,253963;77,001372;105,328876;0,1;113,774201;108,928164;97,663468;98,49573;94,349987;146,714751
2023-07-01;93,290473;87,53054;46,957338;106,099348;0,1;120,067416;133,279212;110,091305;92,527174;88,489412;129,518155
2023-08-01;102,136398;92,740022;32,895402;112,82759;0,1;44,596075;153,279034;96,153087;113,373447;93,632182;91,574464
2023-09-01;96,722307;89,010259;88,15419;107,582321;0,1;113,583619;177,293029;80,589311;97,855202;89,999714;59,225396
2023-10-01;103,167675;95,586253;100,895113;105,518512;0,1;109,799542;136,825253;103,693749;122,195264;97,265774;56,407753
2023-11-01;101,760371;93,871653;84,443803;112,696478;0,1;120,680401;87,487722;104,203206;120,855978;96,41462;60,905279
2023-12-01;95,350009;96,275107;74,850213;99,655727;0,1;73,981213;70,073832;107,486756;96,428571;97,664167;40,363455
2024-01-01;111,496913;101,510406;77,831517;116,464069;0,1;72,669944;72,19487;113,80208;118,78882;104,993159;93,783602
2024-02-01;103,611531;102,57056;80,408576;110,766206;0,1;105,243917;73,141826;108,297181;107,958075;100,608612;131,795825
2024-03-01;97,848581;95,988687;62,665127;102,349894;0,1;96,108307;68,495064;111,103047;100,242624;104,407706;152,06235
2024-04-01;118,119102;108,852179;70,057027;126,730534;0,1;110,172968;66,61053;102,483072;112,063276;103,644124;153,468153
2024-05-01;;;;;;;62,344223;103,237823;100,504658;104,256588;145,233928
2024-06-01;;;;;;;84,73842;109,012423;81,638199;91,740536;137,672592
2024-07-01;;;;;;;146,338875;110,787024;108,336568;95,355359;124,181006
2024-08-01;;;;;;;177,099702;110,405198;99,660326;92,179011;70,803135
2024-09-01;;;;;;;165,274229;95,71954;88,451087;90,405818;68,562456
2024-10-01;;;;;;;148,408233;110,352308;127,086568;101,744659;66,083489
2024-11-01;;;;;;;91,493509;85,876202;111,946817;96,751062;61,166521
2024-12-01;;;;;;;69,253378;106,927561;96,486801;98,270361;40,954353
2025-01-01;;;;;;;76,159934;109,402072;104,827173;105,189457;94,367727
2025-02-01;;;;;;;69,821206;104,281058;90,110637;95,080593;125,435974
2025-03-01;;;;;;;71,463179;89,979359;97,505823;101,392489;146,719238
2025-04-01;;;;;;;70,282111;100,091428;114,10132;104,788057;152,239994
2025-05-01;;;;;;;69,553267;108,49729;103,969332;102,876355;139,489874
2025-06-01;;;;;;;111,540768;90,072728;89,644798;90,778502;156,439245
2025-07-01;;;;;;;131,875381;96,483354;103,06677;91,895551;159,088632
2025-08-01;;;;;;;130,721483;108,65646;98,961568;90,65824;100,155365
2025-09-01;;;;;;;153,990845;87,352953;92,760093;94,45092;88,399685
2025-10-01;;;;;;;120,719154;106,585058;127,727096;101,958845;66,508673
